model,accuracy,precision,recall,f1,roc_auc
logreg,0.761,0.10727969348659004,0.8235294117647058,0.18983050847457628,0.8461515040798928
rf,0.96,0.45081967213114754,0.8088235294117647,0.5789473684210527,0.9712200097430277
gb,0.976,0.6219512195121951,0.75,0.68,0.9706491292169042
xgb,0.9815,0.7012987012987013,0.7941176470588235,0.7448275862068966,0.9679165144318597
lgbm,0.982,0.7222222222222222,0.7647058823529411,0.7428571428571429,0.973777554500061
