model,accuracy,precision,recall,f1,roc_auc
logreg,0.761,0.10727969348659004,0.8235294117647058,0.18983050847457628,0.8461515040798928
rf,0.962,0.4661016949152542,0.8088235294117647,0.5913978494623656,0.9673570515162587
gb,0.9785,0.654320987654321,0.7794117647058824,0.7114093959731543,0.970961210571185
xgb,0.9815,0.7012987012987013,0.7941176470588235,0.7448275862068966,0.9679165144318597
lgbm,0.982,0.7222222222222222,0.7647058823529411,0.7428571428571429,0.973777554500061
